"id","model_id","size","manual_price","pneumatic_price","electric_price","gear_price","gate_304_diff","gate_316_diff","rod_304_diff","rod_316_diff","branding_fee","min_order_qty","status","remark","created_at","_openid"
"1516","166","65","0.00","0.00","0.00","750.00","0.00","0.00","0.00","0.00","25.00","50","enabled","","2026-06-09 22:55:39","import"
"1517","166","80","0.00","0.00","0.00","780.00","0.00","0.00","0.00","0.00","25.00","50","enabled","","2026-06-09 22:55:39","import"
"1518","166","100","0.00","0.00","0.00","820.00","0.00","0.00","0.00","0.00","25.00","50","enabled","","2026-06-09 22:55:40","import"
"1519","166","125","0.00","0.00","0.00","880.00","0.00","0.00","0.00","0.00","25.00","50","enabled","","2026-06-09 22:55:40","import"
"1520","166","150","0.00","0.00","0.00","980.00","0.00","0.00","0.00","0.00","25.00","50","enabled","","2026-06-09 22:55:41","import"
"1521","166","200","0.00","0.00","0.00","1160.00","0.00","0.00","0.00","0.00","30.00","50","enabled","","2026-06-09 22:55:41","import"
"1522","166","50","0.00","0.00","0.00","730.00","0.00","0.00","0.00","0.00","25.00","50","enabled","","2026-06-09 22:56:47","import"
"1523","167","65","0.00","0.00","0.00","720.00","0.00","0.00","0.00","0.00","25.00","50","enabled","","2026-06-09 22:56:51","import"
"1524","167","80","0.00","0.00","0.00","740.00","0.00","0.00","0.00","0.00","25.00","50","enabled","","2026-06-09 22:56:51","import"
"1525","167","100","0.00","0.00","0.00","780.00","0.00","0.00","0.00","0.00","25.00","50","enabled","","2026-06-09 22:56:51","import"
"1526","167","125","0.00","0.00","0.00","830.00","0.00","0.00","0.00","0.00","25.00","50","enabled","","2026-06-09 22:56:52","import"
"1527","167","150","0.00","0.00","0.00","920.00","0.00","0.00","0.00","0.00","25.00","50","enabled","","2026-06-09 22:56:52","import"
"1528","167","200","0.00","0.00","0.00","1080.00","0.00","0.00","0.00","0.00","30.00","50","enabled","","2026-06-09 22:56:52","import"
"1529","168","65","0.00","0.00","0.00","870.00","0.00","0.00","0.00","0.00","25.00","50","enabled","","2026-06-09 22:56:53","import"
"1530","168","80","0.00","0.00","0.00","910.00","0.00","0.00","0.00","0.00","25.00","50","enabled","","2026-06-09 22:56:54","import"
"1531","168","100","0.00","0.00","0.00","990.00","0.00","0.00","0.00","0.00","25.00","50","enabled","","2026-06-09 22:56:54","import"
"1532","168","125","0.00","0.00","0.00","1090.00","0.00","0.00","0.00","0.00","25.00","50","enabled","","2026-06-09 22:56:54","import"
"1533","168","150","0.00","0.00","0.00","1260.00","0.00","0.00","0.00","0.00","25.00","50","enabled","","2026-06-09 22:56:55","import"
"1534","168","200","0.00","0.00","0.00","1620.00","0.00","0.00","0.00","0.00","30.00","50","enabled","","2026-06-09 22:56:55","import"
"1535","169","65","0.00","0.00","0.00","950.00","0.00","0.00","0.00","0.00","25.00","50","enabled","","2026-06-09 22:56:56","import"
"1536","169","80","0.00","0.00","0.00","1020.00","0.00","0.00","0.00","0.00","25.00","50","enabled","","2026-06-09 22:56:56","import"
"1537","169","100","0.00","0.00","0.00","1130.00","0.00","0.00","0.00","0.00","25.00","50","enabled","","2026-06-09 22:56:56","import"
"1538","169","125","0.00","0.00","0.00","1270.00","0.00","0.00","0.00","0.00","25.00","50","enabled","","2026-06-09 22:56:57","import"
"1539","169","150","0.00","0.00","0.00","1490.00","0.00","0.00","0.00","0.00","25.00","50","enabled","","2026-06-09 22:56:57","import"
"1540","169","200","0.00","0.00","0.00","1980.00","0.00","0.00","0.00","0.00","30.00","50","enabled","","2026-06-09 22:56:58","import"
"1541","170","65","0.00","380.00","0.00","0.00","0.00","0.00","0.00","0.00","25.00","50","enabled","","2026-06-09 22:56:58","import"
"1542","170","80","0.00","410.00","0.00","0.00","0.00","0.00","0.00","0.00","25.00","50","enabled","","2026-06-09 22:56:58","import"
"1543","170","100","0.00","460.00","0.00","0.00","0.00","0.00","0.00","0.00","25.00","50","enabled","","2026-06-09 22:56:59","import"
"1544","170","125","0.00","520.00","0.00","0.00","0.00","0.00","0.00","0.00","25.00","50","enabled","","2026-06-09 22:56:59","import"
"1545","170","150","0.00","730.00","0.00","0.00","0.00","0.00","0.00","0.00","25.00","50","enabled","","2026-06-09 22:57:00","import"
"1546","170","200","0.00","930.00","0.00","0.00","0.00","0.00","0.00","0.00","30.00","50","enabled","","2026-06-09 22:57:00","import"
"1547","171","65","0.00","350.00","0.00","0.00","0.00","0.00","0.00","0.00","25.00","50","enabled","","2026-06-09 22:57:01","import"
"1548","171","80","0.00","370.00","0.00","0.00","0.00","0.00","0.00","0.00","25.00","50","enabled","","2026-06-09 22:57:01","import"
"1549","171","100","0.00","410.00","0.00","0.00","0.00","0.00","0.00","0.00","25.00","50","enabled","","2026-06-09 22:57:01","import"
"1550","171","125","0.00","470.00","0.00","0.00","0.00","0.00","0.00","0.00","25.00","50","enabled","","2026-06-09 22:57:02","import"
"1551","171","150","0.00","680.00","0.00","0.00","0.00","0.00","0.00","0.00","25.00","50","enabled","","2026-06-09 22:57:02","import"
"1552","171","200","0.00","850.00","0.00","0.00","0.00","0.00","0.00","0.00","30.00","50","enabled","","2026-06-09 22:57:02","import"
"1553","167","50","0.00","0.00","0.00","700.00","0.00","0.00","0.00","0.00","25.00","50","enabled","","2026-06-09 22:59:08","import"
"1554","168","50","0.00","0.00","0.00","830.00","0.00","0.00","0.00","0.00","25.00","50","enabled","","2026-06-09 22:59:11","import"
"1555","169","50","0.00","0.00","0.00","900.00","0.00","0.00","0.00","0.00","25.00","50","enabled","","2026-06-09 22:59:13","import"
"1556","170","50","0.00","360.00","0.00","0.00","0.00","0.00","0.00","0.00","25.00","50","enabled","","2026-06-09 22:59:16","import"
"1557","171","50","0.00","320.00","0.00","0.00","0.00","0.00","0.00","0.00","25.00","50","enabled","","2026-06-09 22:59:18","import"
"1558","172","50","0.00","440.00","0.00","0.00","0.00","0.00","0.00","0.00","25.00","50","enabled","","2026-06-09 22:59:20","import"
"1559","172","65","0.00","480.00","0.00","0.00","0.00","0.00","0.00","0.00","25.00","50","enabled","","2026-06-09 22:59:21","import"
"1560","172","80","0.00","530.00","0.00","0.00","0.00","0.00","0.00","0.00","25.00","50","enabled","","2026-06-09 22:59:21","import"
"1561","172","100","0.00","610.00","0.00","0.00","0.00","0.00","0.00","0.00","25.00","50","enabled","","2026-06-09 22:59:21","import"
"1562","172","125","0.00","710.00","0.00","0.00","0.00","0.00","0.00","0.00","25.00","50","enabled","","2026-06-09 22:59:22","import"
"1563","172","150","0.00","970.00","0.00","0.00","0.00","0.00","0.00","0.00","25.00","50","enabled","","2026-06-09 22:59:22","import"
"1564","172","200","0.00","1300.00","0.00","0.00","0.00","0.00","0.00","0.00","30.00","50","enabled","","2026-06-09 22:59:22","import"
"1565","1","50","220.00","0.00","0.00","0.00","0.00","0.00","0.00","0.00","25.00","50","enabled","","2026-06-09 22:59:23","import"
"1566","1","65","240.00","0.00","0.00","0.00","0.00","0.00","0.00","0.00","25.00","50","enabled","","2026-06-09 22:59:23","import"
"1567","1","80","280.00","0.00","0.00","0.00","0.00","0.00","0.00","0.00","25.00","50","enabled","","2026-06-09 22:59:23","import"
"1568","1","100","320.00","0.00","0.00","0.00","0.00","0.00","0.00","0.00","25.00","50","enabled","","2026-06-09 22:59:24","import"
"1569","1","125","380.00","0.00","0.00","0.00","0.00","0.00","0.00","0.00","25.00","50","enabled","","2026-06-09 22:59:24","import"
"1570","1","150","500.00","0.00","0.00","0.00","0.00","0.00","0.00","0.00","25.00","50","enabled","","2026-06-09 22:59:24","import"
"1571","1","200","690.00","0.00","0.00","0.00","0.00","0.00","0.00","0.00","30.00","50","enabled","","2026-06-09 22:59:25","import"
"1572","173","65","210.00","0.00","0.00","0.00","0.00","0.00","0.00","0.00","25.00","50","enabled","","2026-06-09 22:59:25","import"
"1573","173","80","240.00","0.00","0.00","0.00","0.00","0.00","0.00","0.00","25.00","50","enabled","","2026-06-09 22:59:25","import"
"1574","173","100","280.00","0.00","0.00","0.00","0.00","0.00","0.00","0.00","25.00","50","enabled","","2026-06-09 22:59:26","import"
"1575","173","125","330.00","0.00","0.00","0.00","0.00","0.00","0.00","0.00","25.00","50","enabled","","2026-06-09 22:59:26","import"
"1576","173","150","460.00","0.00","0.00","0.00","0.00","0.00","0.00","0.00","25.00","50","enabled","","2026-06-09 22:59:26","import"
"1577","173","200","690.00","0.00","0.00","0.00","0.00","0.00","0.00","0.00","30.00","50","enabled","","2026-06-09 22:59:27","import"
"1578","174","65","360.00","0.00","0.00","0.00","0.00","0.00","0.00","0.00","25.00","50","enabled","","2026-06-09 22:59:27","import"
"1579","174","80","430.00","0.00","0.00","0.00","0.00","0.00","0.00","0.00","25.00","50","enabled","","2026-06-09 22:59:28","import"
"1580","174","100","510.00","0.00","0.00","0.00","0.00","0.00","0.00","0.00","25.00","50","enabled","","2026-06-09 22:59:28","import"
"1581","174","125","620.00","0.00","0.00","0.00","0.00","0.00","0.00","0.00","25.00","50","enabled","","2026-06-09 22:59:28","import"
"1582","174","150","800.00","0.00","0.00","0.00","0.00","0.00","0.00","0.00","25.00","50","enabled","","2026-06-09 22:59:29","import"
"1583","174","200","1140.00","0.00","0.00","0.00","0.00","0.00","0.00","0.00","30.00","50","enabled","","2026-06-09 22:59:29","import"
"1584","175","65","460.00","0.00","0.00","0.00","0.00","0.00","0.00","0.00","25.00","50","enabled","","2026-06-09 22:59:30","import"
"1585","175","80","540.00","0.00","0.00","0.00","0.00","0.00","0.00","0.00","25.00","50","enabled","","2026-06-09 22:59:30","import"
"1586","175","100","640.00","0.00","0.00","0.00","0.00","0.00","0.00","0.00","25.00","50","enabled","","2026-06-09 22:59:30","import"
"1587","175","125","770.00","0.00","0.00","0.00","0.00","0.00","0.00","0.00","25.00","50","enabled","","2026-06-09 22:59:30","import"
"1588","175","150","940.00","0.00","0.00","0.00","0.00","0.00","0.00","0.00","25.00","50","enabled","","2026-06-09 22:59:31","import"
"1589","175","200","1480.00","0.00","0.00","0.00","0.00","0.00","0.00","0.00","30.00","50","enabled","","2026-06-09 22:59:31","import"
"1590","176","65","0.00","0.00","0.00","910.00","0.00","0.00","0.00","0.00","25.00","50","enabled","","2026-06-09 22:59:32","import"
"1591","176","80","0.00","0.00","0.00","910.00","0.00","0.00","0.00","0.00","25.00","50","enabled","","2026-06-09 22:59:32","import"
"1592","176","100","0.00","0.00","0.00","1130.00","0.00","0.00","0.00","0.00","25.00","50","enabled","","2026-06-09 22:59:32","import"
"1593","176","125","0.00","0.00","0.00","1260.00","0.00","0.00","0.00","0.00","25.00","50","enabled","","2026-06-09 22:59:33","import"
"1594","176","150","0.00","0.00","0.00","1490.00","0.00","0.00","0.00","0.00","25.00","50","enabled","","2026-06-09 22:59:33","import"
"1595","176","200","0.00","0.00","0.00","1850.00","0.00","0.00","0.00","0.00","30.00","50","enabled","","2026-06-09 22:59:33","import"
"1596","176","250","0.00","0.00","0.00","2400.00","0.00","0.00","0.00","0.00","50.00","30","enabled","","2026-06-09 22:59:34","import"
"1597","176","300","0.00","0.00","0.00","3100.00","0.00","0.00","0.00","0.00","60.00","30","enabled","","2026-06-09 22:59:34","import"
"1598","176","350","0.00","0.00","0.00","3700.00","0.00","0.00","0.00","0.00","70.00","30","enabled","","2026-06-09 22:59:34","import"
"1599","176","400","0.00","0.00","0.00","4500.00","0.00","0.00","0.00","0.00","80.00","30","enabled","","2026-06-09 22:59:34","import"
"1600","176","450","0.00","0.00","0.00","5300.00","0.00","0.00","0.00","0.00","100.00","6","enabled","","2026-06-09 22:59:35","import"
"1601","176","500","0.00","0.00","0.00","6800.00","0.00","0.00","0.00","0.00","150.00","6","enabled","","2026-06-09 22:59:35","import"
"1602","176","600","0.00","0.00","0.00","9500.00","0.00","0.00","0.00","0.00","250.00","6","enabled","","2026-06-09 22:59:35","import"
"1603","176","700","0.00","0.00","0.00","13500.00","0.00","0.00","0.00","0.00","450.00","2","enabled","","2026-06-09 22:59:36","import"
"1604","176","800","0.00","0.00","0.00","17400.00","0.00","0.00","0.00","0.00","650.00","2","enabled","","2026-06-09 22:59:36","import"
"1605","176","900","0.00","0.00","0.00","21400.00","0.00","0.00","0.00","0.00","900.00","2","enabled","","2026-06-09 22:59:36","import"
"1606","176","1000","0.00","0.00","0.00","25400.00","0.00","0.00","0.00","0.00","1000.00","2","enabled","","2026-06-09 22:59:37","import"
"1607","177","65","0.00","790.00","0.00","0.00","0.00","0.00","0.00","0.00","25.00","50","enabled","","2026-06-09 22:59:37","import"
"1608","177","80","0.00","740.00","0.00","0.00","0.00","0.00","0.00","0.00","25.00","50","enabled","","2026-06-09 22:59:38","import"
"1609","177","100","0.00","830.00","0.00","0.00","0.00","0.00","0.00","0.00","25.00","50","enabled","","2026-06-09 22:59:38","import"
"1610","177","125","0.00","920.00","0.00","0.00","0.00","0.00","0.00","0.00","25.00","50","enabled","","2026-06-09 22:59:38","import"
"1611","177","150","0.00","1080.00","0.00","0.00","0.00","0.00","0.00","0.00","25.00","50","enabled","","2026-06-09 22:59:39","import"
"1612","177","200","0.00","1350.00","0.00","0.00","0.00","0.00","0.00","0.00","30.00","50","enabled","","2026-06-09 22:59:39","import"
"1613","177","250","0.00","1750.00","0.00","0.00","0.00","0.00","0.00","0.00","50.00","30","enabled","","2026-06-09 22:59:39","import"
"1614","177","300","0.00","2200.00","0.00","0.00","0.00","0.00","0.00","0.00","60.00","30","enabled","","2026-06-09 22:59:39","import"
"1615","177","350","0.00","2650.00","0.00","0.00","0.00","0.00","0.00","0.00","70.00","30","enabled","","2026-06-09 22:59:40","import"
"1616","177","400","0.00","3200.00","0.00","0.00","0.00","0.00","0.00","0.00","80.00","30","enabled","","2026-06-09 22:59:40","import"
"1617","177","450","0.00","3750.00","0.00","0.00","0.00","0.00","0.00","0.00","100.00","6","enabled","","2026-06-09 22:59:40","import"
"1618","177","500","0.00","4900.00","0.00","0.00","0.00","0.00","0.00","0.00","150.00","6","enabled","","2026-06-09 22:59:41","import"
"1619","177","600","0.00","6750.00","0.00","0.00","0.00","0.00","0.00","0.00","250.00","6","enabled","","2026-06-09 22:59:41","import"
"1620","177","700","0.00","9550.00","0.00","0.00","0.00","0.00","0.00","0.00","450.00","2","enabled","","2026-06-09 22:59:41","import"
"1621","177","800","0.00","12350.00","0.00","0.00","0.00","0.00","0.00","0.00","650.00","2","enabled","","2026-06-09 22:59:42","import"
"1622","177","900","0.00","15150.00","0.00","0.00","0.00","0.00","0.00","0.00","900.00","2","enabled","","2026-06-09 22:59:42","import"
"1623","177","1000","0.00","17950.00","0.00","0.00","0.00","0.00","0.00","0.00","1000.00","2","enabled","","2026-06-09 22:59:42","import"
"1624","178","65","870.00","0.00","0.00","0.00","0.00","0.00","0.00","0.00","25.00","50","enabled","","2026-06-09 22:59:43","import"
"1625","178","80","780.00","0.00","0.00","0.00","0.00","0.00","0.00","0.00","25.00","50","enabled","","2026-06-09 22:59:43","import"
"1626","178","100","880.00","0.00","0.00","0.00","0.00","0.00","0.00","0.00","25.00","50","enabled","","2026-06-09 22:59:43","import"
"1627","178","125","980.00","0.00","0.00","0.00","0.00","0.00","0.00","0.00","25.00","50","enabled","","2026-06-09 22:59:44","import"
"1628","178","150","1160.00","0.00","0.00","0.00","0.00","0.00","0.00","0.00","25.00","50","enabled","","2026-06-09 22:59:44","import"
"1629","178","200","1450.00","0.00","0.00","0.00","0.00","0.00","0.00","0.00","30.00","50","enabled","","2026-06-09 22:59:44","import"
"1630","178","250","1850.00","0.00","0.00","0.00","0.00","0.00","0.00","0.00","50.00","30","enabled","","2026-06-09 22:59:45","import"
"1631","178","300","2350.00","0.00","0.00","0.00","0.00","0.00","0.00","0.00","60.00","30","enabled","","2026-06-09 22:59:45","import"
"1632","178","350","2850.00","0.00","0.00","0.00","0.00","0.00","0.00","0.00","70.00","30","enabled","","2026-06-09 22:59:45","import"
"1633","178","400","3450.00","0.00","0.00","0.00","0.00","0.00","0.00","0.00","80.00","30","enabled","","2026-06-09 22:59:46","import"
"1634","178","450","4050.00","0.00","0.00","0.00","0.00","0.00","0.00","0.00","100.00","6","enabled","","2026-06-09 22:59:46","import"
"1635","178","500","5250.00","0.00","0.00","0.00","0.00","0.00","0.00","0.00","150.00","6","enabled","","2026-06-09 22:59:46","import"
"1636","178","600","7250.00","0.00","0.00","0.00","0.00","0.00","0.00","0.00","250.00","6","enabled","","2026-06-09 22:59:47","import"
"1637","178","700","10250.00","0.00","0.00","0.00","0.00","0.00","0.00","0.00","450.00","2","enabled","","2026-06-09 22:59:47","import"
"1638","178","800","13250.00","0.00","0.00","0.00","0.00","0.00","0.00","0.00","650.00","2","enabled","","2026-06-09 22:59:47","import"
"1639","178","900","16250.00","0.00","0.00","0.00","0.00","0.00","0.00","0.00","900.00","2","enabled","","2026-06-09 22:59:48","import"
"1640","178","1000","19250.00","0.00","0.00","0.00","0.00","0.00","0.00","0.00","1000.00","2","enabled","","2026-06-09 22:59:48","import"
"1641","179","125","1200.00","0.00","0.00","0.00","0.00","0.00","0.00","0.00","25.00","50","enabled","","2026-06-09 22:59:48","import"
"1642","179","150","1560.00","0.00","0.00","0.00","0.00","0.00","0.00","0.00","25.00","50","enabled","","2026-06-09 22:59:49","import"
"1643","179","200","2400.00","0.00","0.00","0.00","0.00","0.00","0.00","0.00","30.00","50","enabled","","2026-06-09 22:59:49","import"
"1644","179","250","3600.00","0.00","0.00","0.00","0.00","0.00","0.00","0.00","50.00","30","enabled","","2026-06-09 22:59:49","import"
"1645","179","300","4400.00","0.00","0.00","0.00","0.00","0.00","0.00","0.00","60.00","30","enabled","","2026-06-09 22:59:50","import"
"1646","179","350","5760.00","0.00","0.00","0.00","0.00","0.00","0.00","0.00","70.00","30","enabled","","2026-06-09 22:59:50","import"
"1647","179","400","7500.00","0.00","0.00","0.00","0.00","0.00","0.00","0.00","80.00","30","enabled","","2026-06-09 22:59:50","import"
"1648","180","125","1860.00","0.00","0.00","0.00","0.00","0.00","0.00","0.00","25.00","50","enabled","","2026-06-09 22:59:51","import"
"1649","180","150","2600.00","0.00","0.00","0.00","0.00","0.00","0.00","0.00","25.00","50","enabled","","2026-06-09 22:59:51","import"
"1650","180","200","4200.00","0.00","0.00","0.00","0.00","0.00","0.00","0.00","30.00","50","enabled","","2026-06-09 22:59:52","import"
"1651","180","250","6600.00","0.00","0.00","0.00","0.00","0.00","0.00","0.00","50.00","30","enabled","","2026-06-09 22:59:52","import"
"1652","180","300","8800.00","0.00","0.00","0.00","0.00","0.00","0.00","0.00","60.00","30","enabled","","2026-06-09 22:59:52","import"
"1653","180","350","11300.00","0.00","0.00","0.00","0.00","0.00","0.00","0.00","70.00","30","enabled","","2026-06-09 22:59:52","import"
"1654","180","400","15300.00","0.00","0.00","0.00","0.00","0.00","0.00","0.00","80.00","30","enabled","","2026-06-09 22:59:53","import"
"1655","181","125","2400.00","0.00","0.00","0.00","0.00","0.00","0.00","0.00","25.00","50","enabled","","2026-06-09 22:59:53","import"
"1656","181","150","3240.00","0.00","0.00","0.00","0.00","0.00","0.00","0.00","25.00","50","enabled","","2026-06-09 22:59:54","import"
"1657","181","200","5350.00","0.00","0.00","0.00","0.00","0.00","0.00","0.00","30.00","50","enabled","","2026-06-09 22:59:54","import"
"1658","181","250","9050.00","0.00","0.00","0.00","0.00","0.00","0.00","0.00","50.00","30","enabled","","2026-06-09 22:59:54","import"
"1659","181","300","11500.00","0.00","0.00","0.00","0.00","0.00","0.00","0.00","60.00","30","enabled","","2026-06-09 22:59:55","import"
"1660","181","350","16200.00","0.00","0.00","0.00","0.00","0.00","0.00","0.00","70.00","30","enabled","","2026-06-09 22:59:55","import"
"1661","181","400","21300.00","0.00","0.00","0.00","0.00","0.00","0.00","0.00","80.00","30","enabled","","2026-06-09 22:59:55","import"
"1662","173","50","190.00","0.00","0.00","0.00","0.00","0.00","0.00","0.00","25.00","50","enabled","","2026-06-09 23:02:32","import"
"1663","174","50","310.00","0.00","0.00","0.00","0.00","0.00","0.00","0.00","25.00","50","enabled","","2026-06-09 23:02:33","import"
"1664","175","50","400.00","0.00","0.00","0.00","0.00","0.00","0.00","0.00","25.00","50","enabled","","2026-06-09 23:02:34","import"
"1665","176","50","0.00","0.00","0.00","830.00","0.00","0.00","0.00","0.00","25.00","50","enabled","","2026-06-09 23:02:34","import"
"1666","177","50","0.00","720.00","0.00","0.00","0.00","0.00","0.00","0.00","25.00","50","enabled","","2026-06-09 23:02:36","import"
"1667","178","50","750.00","0.00","0.00","0.00","0.00","0.00","0.00","0.00","25.00","50","enabled","","2026-06-09 23:02:37","import"
"1668","179","100","900.00","0.00","0.00","0.00","0.00","0.00","0.00","0.00","25.00","50","enabled","","2026-06-09 23:02:39","import"
"1669","180","100","1680.00","0.00","0.00","0.00","0.00","0.00","0.00","0.00","25.00","50","enabled","","2026-06-09 23:02:40","import"
"1670","181","100","2050.00","0.00","0.00","0.00","0.00","0.00","0.00","0.00","25.00","50","enabled","","2026-06-09 23:02:40","import"
"1671","182","40","0.00","0.00","0.00","820.00","0.00","0.00","0.00","0.00","25.00","1","enabled","","2026-06-09 23:02:41","import"
"1672","182","50","0.00","0.00","0.00","820.00","0.00","0.00","0.00","0.00","25.00","50","enabled","","2026-06-09 23:02:41","import"
"1673","182","65","0.00","0.00","0.00","850.00","0.00","0.00","0.00","0.00","25.00","50","enabled","","2026-06-09 23:02:41","import"
"1674","182","80","0.00","0.00","0.00","885.00","0.00","0.00","0.00","0.00","25.00","50","enabled","","2026-06-09 23:02:41","import"
"1675","182","100","0.00","0.00","0.00","940.00","0.00","0.00","0.00","0.00","25.00","50","enabled","","2026-06-09 23:02:41","import"
"1676","182","125","0.00","0.00","0.00","1060.00","0.00","0.00","0.00","0.00","25.00","50","enabled","","2026-06-09 23:02:41","import"
"1677","182","150","0.00","0.00","0.00","1210.00","0.00","0.00","0.00","0.00","25.00","50","enabled","","2026-06-09 23:02:41","import"
"1678","182","200","0.00","0.00","0.00","1425.00","0.00","0.00","0.00","0.00","30.00","50","enabled","","2026-06-09 23:02:41","import"
"1679","182","250","0.00","0.00","0.00","1865.00","0.00","0.00","0.00","0.00","50.00","30","enabled","","2026-06-09 23:02:41","import"
"1680","182","300","0.00","0.00","0.00","2350.00","0.00","0.00","0.00","0.00","60.00","30","enabled","","2026-06-09 23:02:42","import"
"1681","182","350","0.00","0.00","0.00","2670.00","0.00","0.00","0.00","0.00","70.00","30","enabled","","2026-06-09 23:02:42","import"
"1682","182","400","0.00","0.00","0.00","3350.00","0.00","0.00","0.00","0.00","80.00","30","enabled","","2026-06-09 23:02:42","import"
"1683","182","450","0.00","0.00","0.00","4065.00","0.00","0.00","0.00","0.00","100.00","6","enabled","","2026-06-09 23:02:42","import"
"1684","182","500","0.00","0.00","0.00","5515.00","0.00","0.00","0.00","0.00","150.00","6","enabled","","2026-06-09 23:02:42","import"
"1685","182","600","0.00","0.00","0.00","8399.00","0.00","0.00","0.00","0.00","250.00","6","enabled","","2026-06-09 23:02:42","import"
"1686","182","700","0.00","0.00","0.00","10865.00","0.00","0.00","0.00","0.00","450.00","2","enabled","","2026-06-09 23:02:42","import"
"1687","182","800","0.00","0.00","0.00","15195.00","0.00","0.00","0.00","0.00","650.00","2","enabled","","2026-06-09 23:02:42","import"
