"id","name","image","created_at","updated_at","_openid"
"1","QB系列","https://picui.ogmua.cn/s1/2026/05/29/6a186da26271b.webp","2026-06-03 19:23:08","2026-06-09 21:08:55","NULL"
"2","QC系列","https://picui.ogmua.cn/s1/2026/05/29/6a186d9f109a1.webp","2026-06-03 19:23:08","NULL",""
"3","QD系列","https://picui.ogmua.cn/s1/2026/05/29/6a186dc060b51.webp","2026-06-03 19:23:08","NULL",""
"6","QCA系列","https://picui.ogmua.cn/s1/2026/05/29/6a186da04e311.webp","2026-06-03 19:24:15","NULL",""
"7","QCB系列","https://picui.ogmua.cn/s1/2026/05/29/6a186da17ea99.webp","2026-06-03 19:24:15","NULL",""
"8","QCG系列","https://picui.ogmua.cn/s1/2026/05/29/6a186da08e694.webp","2026-06-03 19:24:15","NULL",""
"10","QH系列","https://picui.ogmua.cn/s1/2026/05/29/6a186dc172172.webp","2026-06-03 19:24:15","NULL",""
"11","QJ系列","https://picui.ogmua.cn/s1/2026/05/29/6a186dc05cd8b.webp","2026-06-03 19:24:15","NULL",""
"12","QMB系列","https://picui.ogmua.cn/s1/2026/05/29/6a186dc33af6f.webp","2026-06-03 19:24:15","NULL",""
"13","QMC系列","https://picui.ogmua.cn/s1/2026/05/29/6a186dc30996a.webp","2026-06-03 19:24:15","NULL",""
"14","QMDY系列","https://picui.ogmua.cn/s1/2026/05/29/6a186de3398d7.webp","2026-06-03 19:24:15","NULL",""
"15","QMG系列","https://picui.ogmua.cn/s1/2026/05/29/6a186de305045.webp","2026-06-03 19:24:15","NULL",""
"16","QP系列","https://picui.ogmua.cn/s1/2026/05/29/6a186de3556f8.webp","2026-06-03 19:24:15","NULL",""
"17","QS系列","https://picui.ogmua.cn/s1/2026/05/29/6a186de50918b.webp","2026-06-03 19:24:15","NULL",""
"18","QU系列","https://picui.ogmua.cn/s1/2026/05/29/6a186de572bef.webp","2026-06-03 19:24:15","NULL",""
"19","QUP系列","https://picui.ogmua.cn/s1/2026/05/29/6a186e0153854.webp","2026-06-03 19:24:15","NULL",""
"20","QV系列","https://picui.ogmua.cn/s1/2026/05/29/6a186e01a528f.webp","2026-06-03 19:24:15","NULL",""
"21","QVY系列","https://picui.ogmua.cn/s1/2026/05/29/6a186e01d2e47.webp","2026-06-03 19:24:15","NULL",""
"22","QW系列","https://picui.ogmua.cn/s1/2026/05/29/6a186e027164e.webp","2026-06-03 19:24:15","NULL",""
"23","QWF系列","https://picui.ogmua.cn/s1/2026/05/29/6a186e02ef6bb.webp","2026-06-03 19:24:15","NULL",""
"24","QWL系列","https://picui.ogmua.cn/s1/2026/05/29/6a186e1c4f4e4.webp","2026-06-03 19:24:15","NULL",""
"25","QWLY系列","https://picui.ogmua.cn/s1/2026/05/29/6a186e1ba340d.webp","2026-06-03 19:24:15","NULL",""
"26","QWY系列","https://picui.ogmua.cn/s1/2026/05/29/6a186e1d85d30.webp","2026-06-03 19:24:15","NULL",""
"27","QY系列","https://picui.ogmua.cn/s1/2026/05/29/6a186e1d27628.webp","2026-06-03 19:24:15","NULL",""
"28","QYA系列","https://picui.ogmua.cn/s1/2026/05/29/6a186e1d4cf8b.webp","2026-06-03 19:24:15","NULL",""
"29","QPA","NULL","2026-06-03 21:22:50","NULL",""
"30","QU","NULL","2026-06-03 21:26:50","NULL",""
"31","QWF","NULL","2026-06-03 21:33:03","NULL",""
"32","QWL","NULL","2026-06-03 21:37:46","NULL",""
